Workbook

Sheet Trade Tracker - Eval
A1: ZTH | B1: Date | C1: Time | D1: Asset Traded | E1: Direction | F1: Entry Price | G1: Exit Price | H1: Position Size | I1: Stop Loss | J1: Take Profit | K1: RR Targeted | L1: RR Realized | M1: Win/Loss | N1: P&L Amount | O1: P&L % | P1: Cumulative P&L | Q1: Trade Setup | R1: Notes | S1: Intrument Level | T1: Level Screenshot | U1: Trade Screenshot
A2: 7 | B2: 46251 | C2: 0.41319444 | D2: MNQ | E2: Long | F2: 30240.75 | G2: 30220 | H2: 3 | I2: 30220.75 | J2: 30280.75 | K2: =IF(AND(I2<>"",J2<>"",F2<>""), (J2-F2)/(F2-I2), "") -> 2 | L2: =IF(AND(F2<>"",G2<>"",I2<>""), (G2-F2)/(F2-I2), "") -> -1.0375 | M2: =IF(N2>0,"Win",IF(N2<0,"Loss","")) -> Loss | N2: =IF(AND(F2<>"",G2<>"",H2<>"",D2<>""), IF(E2="Long", (G2-F2)*H2*VLOOKUP(D2,Multipliers!A:B,2,FALSE), (F2-G2)*H2*VLOOKUP(D2,Multipliers!A:B,2,FALSE)), "") -> -124.5 | O2: =IF(AND(N2<>"",F2<>"",H2<>"",D2<>""), N2/(F2*H2*VLOOKUP(D2,Multipliers!A:B,2,FALSE)), "") -> -0.00068616023 | P2: =IF(ROW()=2,N2,#REF!+N2) -> -124.5 | Q2: BR | S2: MNQ | T2: https://www.tradingview.com/x/ygjyjXNE/ | U2: https://www.tradingview.com/x/pqKL41ZW/
A3: 8 | B3: 46251 | C3: 0.42291667 | D3: MGC | E3: Long | F3: 4461.4 | G3: 4473.4 | H3: 2 | I3: 4455.4 | J3: 4473.4 | K3: =IF(AND(I3<>"",J3<>"",F3<>""), (J3-F3)/(F3-I3), "") -> 2 | L3: =IF(AND(F3<>"",G3<>"",I3<>""), (G3-F3)/(F3-I3), "") -> 2 | M3: =IF(N3>0,"Win",IF(N3<0,"Loss","")) -> Win | N3: =IF(AND(F3<>"",G3<>"",H3<>"",D3<>""), IF(E3="Long", (G3-F3)*H3*VLOOKUP(D3,Multipliers!A:B,2,FALSE), (F3-G3)*H3*VLOOKUP(D3,Multipliers!A:B,2,FALSE)), "") -> 240 | O3: =IF(AND(N3<>"",F3<>"",H3<>"",D3<>""), N3/(F3*H3*VLOOKUP(D3,Multipliers!A:B,2,FALSE)), "") -> 0.0026897386 | P3: =IF(ROW()=2,N3,P2+N3) -> 115.5 | Q3: BR | S3: MGC | T3: https://www.tradingview.com/x/soX7jXbm/ | U3: https://www.tradingview.com/x/Hz1BKRjK/
A4: 9 | B4: 46251 | C4: 0.49375 | D4: MNQ | E4: Short | F4: 30237.75 | G4: 30221.5 | H4: 3 | I4: 30257.75 | J4: 30221.5 | K4: =IF(AND(I4<>"",J4<>"",F4<>""), (J4-F4)/(F4-I4), "") -> 0.8125 | L4: =IF(AND(F4<>"",G4<>"",I4<>""), (G4-F4)/(F4-I4), "") -> 0.8125 | M4: =IF(N4>0,"Win",IF(N4<0,"Loss","")) -> Win | N4: =IF(AND(F4<>"",G4<>"",H4<>"",D4<>""), IF(E4="Long", (G4-F4)*H4*VLOOKUP(D4,Multipliers!A:B,2,FALSE), (F4-G4)*H4*VLOOKUP(D4,Multipliers!A:B,2,FALSE)), "") -> 97.5 | O4: =IF(AND(N4<>"",F4<>"",H4<>"",D4<>""), N4/(F4*H4*VLOOKUP(D4,Multipliers!A:B,2,FALSE)), "") -> 0.00053740771 | P4: =IF(ROW()=2,N4,P3+N4) -> 213 | Q4: BR | S4: MNQ | U4: https://www.tradingview.com/x/pqKL41ZW/
A5: 10 | K5: =IF(AND(I5<>"",J5<>"",F5<>""), (J5-F5)/(F5-I5), "") | L5: =IF(AND(F5<>"",G5<>"",I5<>""), (G5-F5)/(F5-I5), "") | M5: =IF(N5>0,"Win",IF(N5<0,"Loss","")) -> Win | N5: =IF(AND(F5<>"",G5<>"",H5<>"",D5<>""), IF(E5="Long", (G5-F5)*H5*VLOOKUP(D5,Multipliers!A:B,2,FALSE), (F5-G5)*H5*VLOOKUP(D5,Multipliers!A:B,2,FALSE)), "") | O5: =IF(AND(N5<>"",F5<>"",H5<>"",D5<>""), N5/(F5*H5*VLOOKUP(D5,Multipliers!A:B,2,FALSE)), "") | P5: =IF(ROW()=2,N5,P4+N5) -> #VALUE!
A6: 11 | K6: =IF(AND(I6<>"",J6<>"",F6<>""), (J6-F6)/(F6-I6), "") | L6: =IF(AND(F6<>"",G6<>"",I6<>""), (G6-F6)/(F6-I6), "") | M6: =IF(N6>0,"Win",IF(N6<0,"Loss","")) -> Win | N6: =IF(AND(F6<>"",G6<>"",H6<>"",D6<>""), IF(E6="Long", (G6-F6)*H6*VLOOKUP(D6,Multipliers!A:B,2,FALSE), (F6-G6)*H6*VLOOKUP(D6,Multipliers!A:B,2,FALSE)), "") | O6: =IF(AND(N6<>"",F6<>"",H6<>"",D6<>""), N6/(F6*H6*VLOOKUP(D6,Multipliers!A:B,2,FALSE)), "") | P6: =IF(ROW()=2,N6,P5+N6) -> #VALUE!
A7: 12 | K7: =IF(AND(I7<>"",J7<>"",F7<>""), (J7-F7)/(F7-I7), "") | L7: =IF(AND(F7<>"",G7<>"",I7<>""), (G7-F7)/(F7-I7), "") | M7: =IF(N7>0,"Win",IF(N7<0,"Loss","")) -> Win | N7: =IF(AND(F7<>"",G7<>"",H7<>"",D7<>""), IF(E7="Long", (G7-F7)*H7*VLOOKUP(D7,Multipliers!A:B,2,FALSE), (F7-G7)*H7*VLOOKUP(D7,Multipliers!A:B,2,FALSE)), "") | O7: =IF(AND(N7<>"",F7<>"",H7<>"",D7<>""), N7/(F7*H7*VLOOKUP(D7,Multipliers!A:B,2,FALSE)), "") | P7: =IF(ROW()=2,N7,P6+N7) -> #VALUE!
A8: 13 | K8: =IF(AND(I8<>"",J8<>"",F8<>""), (J8-F8)/(F8-I8), "") | L8: =IF(AND(F8<>"",G8<>"",I8<>""), (G8-F8)/(F8-I8), "") | M8: =IF(N8>0,"Win",IF(N8<0,"Loss","")) -> Win | N8: =IF(AND(F8<>"",G8<>"",H8<>"",D8<>""), IF(E8="Long", (G8-F8)*H8*VLOOKUP(D8,Multipliers!A:B,2,FALSE), (F8-G8)*H8*VLOOKUP(D8,Multipliers!A:B,2,FALSE)), "") | O8: =IF(AND(N8<>"",F8<>"",H8<>"",D8<>""), N8/(F8*H8*VLOOKUP(D8,Multipliers!A:B,2,FALSE)), "") | P8: =IF(ROW()=2,N8,P7+N8) -> #VALUE!
A9: 14 | K9: =IF(AND(I9<>"",J9<>"",F9<>""), (J9-F9)/(F9-I9), "") | L9: =IF(AND(F9<>"",G9<>"",I9<>""), (G9-F9)/(F9-I9), "") | M9: =IF(N9>0,"Win",IF(N9<0,"Loss","")) -> Win | N9: =IF(AND(F9<>"",G9<>"",H9<>"",D9<>""), IF(E9="Long", (G9-F9)*H9*VLOOKUP(D9,Multipliers!A:B,2,FALSE), (F9-G9)*H9*VLOOKUP(D9,Multipliers!A:B,2,FALSE)), "") | O9: =IF(AND(N9<>"",F9<>"",H9<>"",D9<>""), N9/(F9*H9*VLOOKUP(D9,Multipliers!A:B,2,FALSE)), "") | P9: =IF(ROW()=2,N9,P8+N9) -> #VALUE!
A10: 15 | K10: =IF(AND(I10<>"",J10<>"",F10<>""), (J10-F10)/(F10-I10), "") | L10: =IF(AND(F10<>"",G10<>"",I10<>""), (G10-F10)/(F10-I10), "") | M10: =IF(N10>0,"Win",IF(N10<0,"Loss","")) -> Win | N10: =IF(AND(F10<>"",G10<>"",H10<>"",D10<>""), IF(E10="Long", (G10-F10)*H10*VLOOKUP(D10,Multipliers!A:B,2,FALSE), (F10-G10)*H10*VLOOKUP(D10,Multipliers!A:B,2,FALSE)), "") | O10: =IF(AND(N10<>"",F10<>"",H10<>"",D10<>""), N10/(F10*H10*VLOOKUP(D10,Multipliers!A:B,2,FALSE)), "") | P10: =IF(ROW()=2,N10,P9+N10) -> #VALUE!
A11: 16 | K11: =IF(AND(I11<>"",J11<>"",F11<>""), (J11-F11)/(F11-I11), "") | L11: =IF(AND(F11<>"",G11<>"",I11<>""), (G11-F11)/(F11-I11), "") | M11: =IF(N11>0,"Win",IF(N11<0,"Loss","")) -> Win | N11: =IF(AND(F11<>"",G11<>"",H11<>"",D11<>""), IF(E11="Long", (G11-F11)*H11*VLOOKUP(D11,Multipliers!A:B,2,FALSE), (F11-G11)*H11*VLOOKUP(D11,Multipliers!A:B,2,FALSE)), "") | O11: =IF(AND(N11<>"",F11<>"",H11<>"",D11<>""), N11/(F11*H11*VLOOKUP(D11,Multipliers!A:B,2,FALSE)), "") | P11: =IF(ROW()=2,N11,P10+N11) -> #VALUE!
A12: 17 | K12: =IF(AND(I12<>"",J12<>"",F12<>""), (J12-F12)/(F12-I12), "") | L12: =IF(AND(F12<>"",G12<>"",I12<>""), (G12-F12)/(F12-I12), "") | M12: =IF(N12>0,"Win",IF(N12<0,"Loss","")) -> Win | N12: =IF(AND(F12<>"",G12<>"",H12<>"",D12<>""), IF(E12="Long", (G12-F12)*H12*VLOOKUP(D12,Multipliers!A:B,2,FALSE), (F12-G12)*H12*VLOOKUP(D12,Multipliers!A:B,2,FALSE)), "") | O12: =IF(AND(N12<>"",F12<>"",H12<>"",D12<>""), N12/(F12*H12*VLOOKUP(D12,Multipliers!A:B,2,FALSE)), "") | P12: =IF(ROW()=2,N12,P11+N12) -> #VALUE!
A13: 18 | K13: =IF(AND(I13<>"",J13<>"",F13<>""), (J13-F13)/(F13-I13), "") | L13: =IF(AND(F13<>"",G13<>"",I13<>""), (G13-F13)/(F13-I13), "") | M13: =IF(N13>0,"Win",IF(N13<0,"Loss","")) -> Win | N13: =IF(AND(F13<>"",G13<>"",H13<>"",D13<>""), IF(E13="Long", (G13-F13)*H13*VLOOKUP(D13,Multipliers!A:B,2,FALSE), (F13-G13)*H13*VLOOKUP(D13,Multipliers!A:B,2,FALSE)), "") | O13: =IF(AND(N13<>"",F13<>"",H13<>"",D13<>""), N13/(F13*H13*VLOOKUP(D13,Multipliers!A:B,2,FALSE)), "") | P13: =IF(ROW()=2,N13,P12+N13) -> #VALUE!
A14: 19 | K14: =IF(AND(I14<>"",J14<>"",F14<>""), (J14-F14)/(F14-I14), "") | L14: =IF(AND(F14<>"",G14<>"",I14<>""), (G14-F14)/(F14-I14), "") | M14: =IF(N14>0,"Win",IF(N14<0,"Loss","")) -> Win | N14: =IF(AND(F14<>"",G14<>"",H14<>"",D14<>""), IF(E14="Long", (G14-F14)*H14*VLOOKUP(D14,Multipliers!A:B,2,FALSE), (F14-G14)*H14*VLOOKUP(D14,Multipliers!A:B,2,FALSE)), "") | O14: =IF(AND(N14<>"",F14<>"",H14<>"",D14<>""), N14/(F14*H14*VLOOKUP(D14,Multipliers!A:B,2,FALSE)), "") | P14: =IF(ROW()=2,N14,P13+N14) -> #VALUE!
A15: 20 | K15: =IF(AND(I15<>"",J15<>"",F15<>""), (J15-F15)/(F15-I15), "") | L15: =IF(AND(F15<>"",G15<>"",I15<>""), (G15-F15)/(F15-I15), "") | M15: =IF(N15>0,"Win",IF(N15<0,"Loss","")) -> Win | N15: =IF(AND(F15<>"",G15<>"",H15<>"",D15<>""), IF(E15="Long", (G15-F15)*H15*VLOOKUP(D15,Multipliers!A:B,2,FALSE), (F15-G15)*H15*VLOOKUP(D15,Multipliers!A:B,2,FALSE)), "") | O15: =IF(AND(N15<>"",F15<>"",H15<>"",D15<>""), N15/(F15*H15*VLOOKUP(D15,Multipliers!A:B,2,FALSE)), "") | P15: =IF(ROW()=2,N15,P14+N15) -> #VALUE!
A16: 21 | K16: =IF(AND(I16<>"",J16<>"",F16<>""), (J16-F16)/(F16-I16), "") | L16: =IF(AND(F16<>"",G16<>"",I16<>""), (G16-F16)/(F16-I16), "") | M16: =IF(N16>0,"Win",IF(N16<0,"Loss","")) -> Win | N16: =IF(AND(F16<>"",G16<>"",H16<>"",D16<>""), IF(E16="Long", (G16-F16)*H16*VLOOKUP(D16,Multipliers!A:B,2,FALSE), (F16-G16)*H16*VLOOKUP(D16,Multipliers!A:B,2,FALSE)), "") | O16: =IF(AND(N16<>"",F16<>"",H16<>"",D16<>""), N16/(F16*H16*VLOOKUP(D16,Multipliers!A:B,2,FALSE)), "") | P16: =IF(ROW()=2,N16,P15+N16) -> #VALUE!
... A18: 23 | K18: =IF(AND(I18<>"",J18<>"",F18<>""), (J18-F18)/(F18-I18), "") | L18: =IF(AND(F18<>"",G18<>"",I18<>""), (G18-F18)/(F18-I18), "") | M18: =IF(N18>0,"Win",IF(N18<0,"Loss","")) -> Win | N18: =IF(AND(F18<>"",G18<>"",H18<>"",D18<>""), IF(E18="Long", (G18-F18)*H18*VLOOKUP(D18,Multipliers!A:B,2,FALSE), (F18-G18)*H18*VLOOKUP(D18,Multipliers!A:B,2,FALSE)), "") | O18: =IF(AND(N18<>"",F18<>"",H18<>"",D18<>""), N18/(F18*H18*VLOOKUP(D18,Multipliers!A:B,2,FALSE)), "") | P18: =IF(ROW()=2,N18,P17+N18) -> #VALUE!
A19: 24 | L19: =IF(AND(F19<>"",G19<>"",I19<>""), (G19-F19)/(F19-I19), "") | M19: =IF(N19>0,"Win",IF(N19<0,"Loss","")) -> Win | N19: =IF(AND(F19<>"",G19<>"",H19<>"",D19<>""), IF(E19="Long", (G19-F19)*H19*VLOOKUP(D19,Multipliers!A:B,2,FALSE), (F19-G19)*H19*VLOOKUP(D19,Multipliers!A:B,2,FALSE)), "") | O19: =IF(AND(N19<>"",F19<>"",H19<>"",D19<>""), N19/(F19*H19*VLOOKUP(D19,Multipliers!A:B,2,FALSE)), "") | P19: =IF(ROW()=2,N19,P18+N19) -> #VALUE!
A20: 25 | L20: =IF(AND(F20<>"",G20<>"",I20<>""), (G20-F20)/(F20-I20), "") | M20: =IF(N20>0,"Win",IF(N20<0,"Loss","")) -> Win | N20: =IF(AND(F20<>"",G20<>"",H20<>"",D20<>""), IF(E20="Long", (G20-F20)*H20*VLOOKUP(D20,Multipliers!A:B,2,FALSE), (F20-G20)*H20*VLOOKUP(D20,Multipliers!A:B,2,FALSE)), "") | O20: =IF(AND(N20<>"",F20<>"",H20<>"",D20<>""), N20/(F20*H20*VLOOKUP(D20,Multipliers!A:B,2,FALSE)), "") | P20: =IF(ROW()=2,N20,P19+N20) -> #VALUE!
A21: 26 | L21: =IF(AND(F21<>"",G21<>"",I21<>""), (G21-F21)/(F21-I21), "") | M21: =IF(N21>0,"Win",IF(N21<0,"Loss","")) -> Win | N21: =IF(AND(F21<>"",G21<>"",H21<>"",D21<>""), IF(E21="Long", (G21-F21)*H21*VLOOKUP(D21,Multipliers!A:B,2,FALSE), (F21-G21)*H21*VLOOKUP(D21,Multipliers!A:B,2,FALSE)), "") | O21: =IF(AND(N21<>"",F21<>"",H21<>"",D21<>""), N21/(F21*H21*VLOOKUP(D21,Multipliers!A:B,2,FALSE)), "") | P21: =IF(ROW()=2,N21,P20+N21) -> #VALUE!
A22: 27 | L22: =IF(AND(F22<>"",G22<>"",I22<>""), (G22-F22)/(F22-I22), "") | M22: =IF(N22>0,"Win",IF(N22<0,"Loss","")) -> Win | N22: =IF(AND(F22<>"",G22<>"",H22<>"",D22<>""), IF(E22="Long", (G22-F22)*H22*VLOOKUP(D22,Multipliers!A:B,2,FALSE), (F22-G22)*H22*VLOOKUP(D22,Multipliers!A:B,2,FALSE)), "") | O22: =IF(AND(N22<>"",F22<>"",H22<>"",D22<>""), N22/(F22*H22*VLOOKUP(D22,Multipliers!A:B,2,FALSE)), "") | P22: =IF(ROW()=2,N22,P21+N22) -> #VALUE!
A23: 28 | M23: =IF(N23>0,"Win",IF(N23<0,"Loss","")) -> Win | N23: =IF(AND(F23<>"",G23<>"",H23<>"",D23<>""), IF(E23="Long", (G23-F23)*H23*VLOOKUP(D23,Multipliers!A:B,2,FALSE), (F23-G23)*H23*VLOOKUP(D23,Multipliers!A:B,2,FALSE)), "") | O23: =IF(AND(N23<>"",F23<>"",H23<>"",D23<>""), N23/(F23*H23*VLOOKUP(D23,Multipliers!A:B,2,FALSE)), "") | P23: =IF(ROW()=2,N23,P22+N23) -> #VALUE!
O124: =IF(AND(N124<>"",F124<>"",H124<>"",D124<>""), N124/(F124*H124*VLOOKUP(D124,Multipliers!A:B,2,FALSE)), "")
O125: =IF(AND(N125<>"",F125<>"",H125<>"",D125<>""), N125/(F125*H125*VLOOKUP(D125,Multipliers!A:B,2,FALSE)), "")
O126: =IF(AND(N126<>"",F126<>"",H126<>"",D126<>""), N126/(F126*H126*VLOOKUP(D126,Multipliers!A:B,2,FALSE)), "")
O127: =IF(AND(N127<>"",F127<>"",H127<>"",D127<>""), N127/(F127*H127*VLOOKUP(D127,Multipliers!A:B,2,FALSE)), "")
O128: =IF(AND(N128<>"",F128<>"",H128<>"",D128<>""), N128/(F128*H128*VLOOKUP(D128,Multipliers!A:B,2,FALSE)), "")

Sheet Multipliers
A1: Asset | B1: Multiplier
A2: ES | B2: 50
A3: MES | B3: 5
A4: NQ | B4: 20
A5: MNQ | B5: 2
A6: YM | B6: 5
A7: RTY | B7: 50
A8: GC | B8: 100
A9: MGC | B9: 10
A10: CL | B10: 1000
A11: MCL | B11: 100
A12: QM | B12: 500
